{
	"model": {
		"rdlr": {
			"lossTypeBDcurveSlope_psnrY_slope": 83.19827270507812,
			"lossTypeBDcurveSlope_psnrU_slope": 63.499271392822266,
			"lossTypeBDcurveSlope_psnrV_slope": 47.11603927612305,
			"lossTypeBDcurveSlope_msssimY_slope": 0.9981544017791748
		}
	}
}
