{
	"model": {
		"rdlr": {
			"lossTypeBDcurveSlope_psnrY_slope": 75.35938262939453,
			"lossTypeBDcurveSlope_psnrU_slope": 65.3044662475586,
			"lossTypeBDcurveSlope_psnrV_slope": 64.37742614746094,
			"lossTypeBDcurveSlope_msssimY_slope": 0.8343476057052612
		}
	}
}
