{
	"model": {
		"rdlr": {
			"lossTypeBDcurveSlope_psnrY_slope": 75.3236083984375,
			"lossTypeBDcurveSlope_psnrU_slope": 67.18467712402344,
			"lossTypeBDcurveSlope_psnrV_slope": 65.18982696533203,
			"lossTypeBDcurveSlope_msssimY_slope": 1.7806133031845093
		}
	}
}
