{
	"model": {
		"rdlr": {
			"lossTypeBDcurveSlope_psnrY_slope": 75.74197387695312,
			"lossTypeBDcurveSlope_psnrU_slope": 70.70130920410156,
			"lossTypeBDcurveSlope_psnrV_slope": 64.77174377441406,
			"lossTypeBDcurveSlope_msssimY_slope": 1.4664320945739746
		}
	}
}
